<?xml version="1.0" standalone="yes"?>
<SacBTProjectInfo>
  <SacBTGeneralSettings>
    <SacBTProductName>SafeNet Authentication Client 10.8 R6</SacBTProductName>
    <SacBTLicenseString />
    <SacLanguage>English</SacLanguage>
    <SacBTDestinationFolder>[ProgramFilesFolder]SafeNet\Authentication</SacBTDestinationFolder>
    <SacBTURL>https://supportportal.gemalto.com</SacBTURL>
  </SacBTGeneralSettings>
  <SacBTInstallScreens>
    <SacBTWelcomeScreen>1</SacBTWelcomeScreen>
    <SacBTLanguageScreen>1</SacBTLanguageScreen>
    <SacBTLicenseAgreementScreen>1</SacBTLicenseAgreementScreen>
    <SacBTInstallationTypeScreen>1</SacBTInstallationTypeScreen>
    <SacBTDestinationFolderScreen>1</SacBTDestinationFolderScreen>
  </SacBTInstallScreens>
  <SacBTFeatures>
    <SacProfile>TypicalProfile</SacProfile>
    <SacBTDriverFeatures>1</SacBTDriverFeatures>
    <SacBTeTokenDrivers>1</SacBTeTokenDrivers>
    <SacBTBSecDrivers>0</SacBTBSecDrivers>
    <SacBTCoreFeatures>10</SacBTCoreFeatures>
    <SacBTCAPI>11</SacBTCAPI>
    <SacBTeTokenCAPI>11</SacBTeTokenCAPI>
    <SacBTGemaltoCAPI>11</SacBTGemaltoCAPI>
    <SacBTeTokenPKCS11>10</SacBTeTokenPKCS11>
    <SacBTUIDialogs>10</SacBTUIDialogs>
    <SacBTKSPGeneral>11</SacBTKSPGeneral>
    <SacBTKSP>11</SacBTKSP>
    <SacBTGemaltoKSP>11</SacBTGemaltoKSP>
    <SacBTApplications>11</SacBTApplications>
    <SacBTSacTools>11</SacBTSacTools>
    <SacBTServices>11</SacBTServices>
    <SacBTSacService>11</SacBTSacService>
    <SacBTSacMonitor>11</SacBTSacMonitor>
    <SacBTBSecCompatMode>0</SacBTBSecCompatMode>
    <SacBTBSecPKCS11>0</SacBTBSecPKCS11>
    <SacBTBSecCAPI>0</SacBTBSecCAPI>
    <SacSafeNetMinidriver>01</SacSafeNetMinidriver>
    <SacIDPrimePKCS11>11</SacIDPrimePKCS11>
    <SacIDPrimeMinidriver>01</SacIDPrimeMinidriver>
    <SaceTokenMinidriver>01</SaceTokenMinidriver>
    <SacBTLegacyAPI>1</SacBTLegacyAPI>
    <SacBTeTokenSAPI>1</SacBTeTokenSAPI>
    <SacBTTokenEngines>10</SacBTTokenEngines>
    <SacBTeTokenDevices>10</SacBTeTokenDevices>
    <SacBTeTokenJava>10</SacBTeTokenJava>
    <SacBTeTokenCardOS>1</SacBTeTokenCardOS>
    <SacBTiKey>1</SacBTiKey>
    <SacBTeTokenVirtual>1</SacBTeTokenVirtual>
    <SacBTIDprime>11</SacBTIDprime>
    <SacBTCommonUtilities>0</SacBTCommonUtilities>
    <SacBTAKL>0</SacBTAKL>
    <SacBTASC>0</SacBTASC>
    <SacV3support>01</SacV3support>
    <SacV3CSP>01</SacV3CSP>
    <SacV3P11>01</SacV3P11>
    <SacV3MD>01</SacV3MD>
  </SacBTFeatures>
  <SacBTSignSettings>
    <SacBTSignMSI>1</SacBTSignMSI>
    <SacBTSigningMethod>Smartcard</SacBTSigningMethod>
    <SacBTSignCert />
    <SacBTSignProviderName />
    <SacBTSignContainerName />
  </SacBTSignSettings>
  <SacBTCustomGraphicsSettings>
    <SacBTSACToolUpperWindowBanner />
    <SacBTSACToolLowerWindowBanner />
    <SacBTSmallWindowUpperBanner />
  </SacBTCustomGraphicsSettings>
  <SacBTSettings>
    <CATEGORY Name="General Settings">
      <Policy Name="SingleLogon">
        <KEYNAME>SOFTWARE\Policies\SafeNet\Authentication\SAC\GENERAL</KEYNAME>
        <PART Name="SingleLogon">
          <DISPLAY>Single Logon</DISPLAY>
          <DEFAULT>0</DEFAULT>
        </PART>
      </Policy>
      <Policy Name="SingleLogonTimeout">
        <KEYNAME>SOFTWARE\Policies\SafeNet\Authentication\SAC\GENERAL</KEYNAME>
        <PART Name="SingleLogonTimeout">
          <DISPLAY>Single Logon Timeout</DISPLAY>
          <DEFAULT>0</DEFAULT>
        </PART>
      </Policy>
      <Policy Name="SoftwareSlots">
        <KEYNAME>SOFTWARE\Policies\SafeNet\Authentication\SAC\GENERAL</KEYNAME>
        <PART Name="SoftwareSlots">
          <DISPLAY>Software Slots</DISPLAY>
          <DEFAULT>2</DEFAULT>
        </PART>
      </Policy>
      <Policy Name="PcscSlots">
        <KEYNAME>SOFTWARE\Policies\SafeNet\Authentication\SAC\GENERAL</KEYNAME>
        <PART Name="PcscSlots">
          <DISPLAY>PCSC Slots</DISPLAY>
          <DEFAULT>8</DEFAULT>
        </PART>
      </Policy>
      <Policy Name="LegacyManufacturerName">
        <KEYNAME>SOFTWARE\Policies\SafeNet\Authentication\SAC\GENERAL</KEYNAME>
        <PART Name="LegacyManufacturerName">
          <DISPLAY>Legacy Manufacturer Name</DISPLAY>
          <DEFAULT>0</DEFAULT>
        </PART>
      </Policy>
      <Policy Name="EnablePrvCache">
        <KEYNAME>SOFTWARE\Policies\SafeNet\Authentication\SAC\GENERAL</KEYNAME>
        <PART Name="EnablePrvCache">
          <DISPLAY>Enable Private Cache</DISPLAY>
          <DEFAULT>1</DEFAULT>
        </PART>
      </Policy>
      <Policy Name="TolerantFinalize">
        <KEYNAME>SOFTWARE\Policies\SafeNet\Authentication\SAC\GENERAL</KEYNAME>
        <PART Name="TolerantFinalize">
          <DISPLAY>Tolerate Finalize</DISPLAY>
          <DEFAULT>0</DEFAULT>
        </PART>
      </Policy>
      <Policy Name="TolerantX509Attributes">
        <KEYNAME>SOFTWARE\Policies\SafeNet\Authentication\SAC\GENERAL</KEYNAME>
        <PART Name="TolerantX509Attributes">
          <DISPLAY>Tolerate X509 Attributes</DISPLAY>
          <DEFAULT>0</DEFAULT>
        </PART>
      </Policy>
      <Policy Name="TolerantFindObjects">
        <KEYNAME>SOFTWARE\Policies\SafeNet\Authentication\SAC\GENERAL</KEYNAME>
        <PART Name="TolerantFindObjects">
          <DISPLAY>Tolerate Find Templates</DISPLAY>
          <DEFAULT>0</DEFAULT>
        </PART>
      </Policy>
      <Policy Name="EtvLogoffUnplug">
        <KEYNAME>SOFTWARE\Policies\SafeNet\Authentication\SAC\GENERAL</KEYNAME>
        <PART Name="EtvLogoffUnplug">
          <DISPLAY>Disconnect eToken Virtual on Logoff</DISPLAY>
          <DEFAULT>0</DEFAULT>
        </PART>
      </Policy>
      <Policy Name="SensitiveSecret">
        <KEYNAME>SOFTWARE\Policies\SafeNet\Authentication\SAC\GENERAL</KEYNAME>
        <PART Name="SensitiveSecret">
          <DISPLAY>Protect Symmetric Keys</DISPLAY>
          <DEFAULT>0</DEFAULT>
        </PART>
      </Policy>
      <Policy Name="CacheMarkerTimeout">
        <KEYNAME>SOFTWARE\Policies\SafeNet\Authentication\SAC\GENERAL</KEYNAME>
        <PART Name="CacheMarkerTimeout">
          <DISPLAY>Cache Marker Timeout</DISPLAY>
          <DEFAULT>0</DEFAULT>
        </PART>
      </Policy>
      <Policy Name="NonRepudiationOID">
        <KEYNAME>SOFTWARE\Policies\SafeNet\Authentication\SAC\GENERAL</KEYNAME>
        <PART Name="NonRepudiationOID">
          <DISPLAY>Override Non-Repudiation OIDs</DISPLAY>
          <DEFAULT>1.3.6.1.5.5.7.1.3</DEFAULT>
        </PART>
      </Policy>
      <Policy Name="MustChangeAdmin">
        <KEYNAME>SOFTWARE\Policies\SafeNet\Authentication\SAC\GENERAL</KEYNAME>
        <PART Name="MustChangeAdmin">
          <DISPLAY>ITI Certification Mode</DISPLAY>
          <DEFAULT>None</DEFAULT>
        </PART>
      </Policy>
      <Policy Name="FullSMMode">
        <KEYNAME>SOFTWARE\Policies\SafeNet\Authentication\SAC\GENERAL</KEYNAME>
        <PART Name="FullSMMode">
          <DISPLAY>Enable Full SM Mode</DISPLAY>
          <DEFAULT>0</DEFAULT>
        </PART>
      </Policy>
      <Policy Name="PinPadNotify">
        <KEYNAME>SOFTWARE\Policies\SafeNet\Authentication\SAC\GENERAL</KEYNAME>
        <PART Name="PinPadNotify">
          <DISPLAY>Pin Pad Notify</DISPLAY>
          <DEFAULT>Show Window</DEFAULT>
        </PART>
      </Policy>
      <Policy Name="TSNotify">
        <KEYNAME>SOFTWARE\Policies\SafeNet\Authentication\SAC\GENERAL</KEYNAME>
        <PART Name="TSNotify">
          <DISPLAY>Touch Sense Notify</DISPLAY>
          <DEFAULT>Show Balloon</DEFAULT>
        </PART>
      </Policy>
      <Policy Name="MultiSlotSupport">
        <KEYNAME>SOFTWARE\Policies\SafeNet\Authentication\SAC\GENERAL</KEYNAME>
        <PART Name="MultiSlotSupport">
          <DISPLAY>Multi-Slot Support</DISPLAY>
          <DEFAULT>1</DEFAULT>
        </PART>
      </Policy>
      <Policy Name="ReadOnlyMode">
        <KEYNAME>SOFTWARE\Policies\SafeNet\Authentication\SAC\GENERAL</KEYNAME>
        <PART Name="ReadOnlyMode">
          <DISPLAY>Read Only Mode</DISPLAY>
          <DEFAULT>0</DEFAULT>
        </PART>
      </Policy>
      <Policy Name="EnableLogEvents">
        <KEYNAME>SOFTWARE\Policies\SafeNet\Authentication\SAC\GENERAL</KEYNAME>
        <PART Name="EnableLogEvents">
          <DISPLAY>Enable Log Events</DISPLAY>
          <DEFAULT>0</DEFAULT>
        </PART>
      </Policy>
      <Policy Name="UnlockAuthorization">
        <KEYNAME>SOFTWARE\Policies\SafeNet\Authentication\SAC\GENERAL</KEYNAME>
        <PART Name="UnlockAuthorization">
          <DISPLAY>Unlock Authorization</DISPLAY>
          <DEFAULT>0</DEFAULT>
        </PART>
      </Policy>
      <Policy Name="BypassFirefoxPinDialog">
        <KEYNAME>SOFTWARE\Policies\SafeNet\Authentication\SAC\GENERAL</KEYNAME>
        <PART Name="BypassFirefoxPinDialog">
          <DISPLAY>Bypass Firefox Pin Dialog</DISPLAY>
          <DEFAULT>0</DEFAULT>
        </PART>
      </Policy>
    </CATEGORY>
    <CATEGORY Name="Token-Domain Password Settings">
      <Policy Name="domain">
        <KEYNAME>SOFTWARE\Policies\SafeNet\Authentication\SAC\SyncPin</KEYNAME>
        <PART Name="domain">
          <DISPLAY>Synchronize with Domain Password</DISPLAY>
          <DEFAULT />
        </PART>
      </Policy>
    </CATEGORY>
    <CATEGORY Name="Initialization Settings">
      <Policy Name="UserMaxRetry">
        <KEYNAME>SOFTWARE\Policies\SafeNet\Authentication\SAC\Init</KEYNAME>
        <PART Name="UserMaxRetry">
          <DISPLAY>Maximum Token Password Retries</DISPLAY>
          <DEFAULT>15</DEFAULT>
        </PART>
      </Policy>
      <Policy Name="AdminMaxRetry">
        <KEYNAME>SOFTWARE\Policies\SafeNet\Authentication\SAC\Init</KEYNAME>
        <PART Name="AdminMaxRetry">
          <DISPLAY>Maximum Administrator Password Retries</DISPLAY>
          <DEFAULT>15</DEFAULT>
        </PART>
      </Policy>
      <Policy Name="ForceUser">
        <KEYNAME>SOFTWARE\Policies\SafeNet\Authentication\SAC\Init</KEYNAME>
        <PART Name="ForceUser">
          <DISPLAY>Force User object on Token</DISPLAY>
          <DEFAULT>0</DEFAULT>
        </PART>
      </Policy>
      <Policy Name="ForceAdmin">
        <KEYNAME>SOFTWARE\Policies\SafeNet\Authentication\SAC\Init</KEYNAME>
        <PART Name="ForceAdmin">
          <DISPLAY>Force SO object on Token</DISPLAY>
          <DEFAULT>1</DEFAULT>
        </PART>
      </Policy>
      <Policy Name="LEGACY-FORMAT-VERSION">
        <KEYNAME>SOFTWARE\Policies\SafeNet\Authentication\SAC\Init</KEYNAME>
        <PART Name="LEGACY-FORMAT-VERSION">
          <DISPLAY>Legacy Format Version</DISPLAY>
          <DEFAULT>4</DEFAULT>
        </PART>
      </Policy>
      <Policy Name="RSA-2048">
        <KEYNAME>SOFTWARE\Policies\SafeNet\Authentication\SAC\Init</KEYNAME>
        <PART Name="RSA-2048">
          <DISPLAY>RSA-2048</DISPLAY>
          <DEFAULT>0</DEFAULT>
        </PART>
      </Policy>
      <Policy Name="HMAC-SHA1">
        <KEYNAME>SOFTWARE\Policies\SafeNet\Authentication\SAC\Init</KEYNAME>
        <PART Name="HMAC-SHA1">
          <DISPLAY>OTP Support</DISPLAY>
          <DEFAULT>0</DEFAULT>
        </PART>
      </Policy>
      <Policy Name="RSA-AREA-SIZE">
        <KEYNAME>SOFTWARE\Policies\SafeNet\Authentication\SAC\Init</KEYNAME>
        <PART Name="RSA-AREA-SIZE">
          <DISPLAY>RSA Area Size</DISPLAY>
          <DEFAULT />
        </PART>
      </Policy>
      <Policy Name="DefaultLabel">
        <KEYNAME>SOFTWARE\Policies\SafeNet\Authentication\SAC\Init</KEYNAME>
        <PART Name="DefaultLabel">
          <DISPLAY>Default Token Name</DISPLAY>
          <DEFAULT />
        </PART>
      </Policy>
      <Policy Name="ForceDefaultInitKey">
        <KEYNAME>SOFTWARE\Policies\SafeNet\Authentication\SAC\Init</KEYNAME>
        <PART Name="ForceDefaultInitKey">
          <DISPLAY>Always Use Default Initialization Key</DISPLAY>
          <DEFAULT>0</DEFAULT>
        </PART>
      </Policy>
      <Policy Name="ForceInitExternalPinPolicy">
        <KEYNAME>SOFTWARE\Policies\SafeNet\Authentication\SAC\Init</KEYNAME>
        <PART Name="ForceInitExternalPinPolicy">
          <DISPLAY>Use PIN Quality Parameters From Policy</DISPLAY>
          <DEFAULT>0</DEFAULT>
        </PART>
      </Policy>
      <CATEGORY Name="API Initialization Settings">
        <Policy Name="Certification">
          <KEYNAME>SOFTWARE\Policies\SafeNet\Authentication\SAC\Init</KEYNAME>
          <PART Name="Certification">
            <DISPLAY>Automatic Certification</DISPLAY>
            <DEFAULT>0</DEFAULT>
          </PART>
        </Policy>
        <Policy Name="KeepTokenInit">
          <KEYNAME>SOFTWARE\Policies\SafeNet\Authentication\SAC\Init</KEYNAME>
          <PART Name="KeepTokenInit">
            <DISPLAY>API: Keep Token Settings</DISPLAY>
            <DEFAULT>0</DEFAULT>
          </PART>
        </Policy>
        <Policy Name="PrvCachingMode">
          <KEYNAME>SOFTWARE\Policies\SafeNet\Authentication\SAC\Init</KEYNAME>
          <PART Name="PrvCachingMode">
            <DISPLAY>API: Private Data Caching</DISPLAY>
            <DEFAULT>Always</DEFAULT>
          </PART>
        </Policy>
        <Policy Name="PrvCachingModify">
          <KEYNAME>SOFTWARE\Policies\SafeNet\Authentication\SAC\Init</KEYNAME>
          <PART Name="PrvCachingModify">
            <DISPLAY>Enable Private Data Caching Modification</DISPLAY>
            <DEFAULT>0</DEFAULT>
          </PART>
        </Policy>
        <Policy Name="PrvCachingOwner">
          <KEYNAME>SOFTWARE\Policies\SafeNet\Authentication\SAC\Init</KEYNAME>
          <PART Name="PrvCachingOwner">
            <DISPLAY>Private Data Caching Owner</DISPLAY>
            <DEFAULT>Admin</DEFAULT>
          </PART>
        </Policy>
        <Policy Name="2ndAuthMode">
          <KEYNAME>SOFTWARE\Policies\SafeNet\Authentication\SAC\Init</KEYNAME>
          <PART Name="2ndAuthMode">
            <DISPLAY>API: RSA Secondary Authentication Mode</DISPLAY>
            <DEFAULT>Never</DEFAULT>
          </PART>
        </Policy>
        <Policy Name="2ndAuthModify">
          <KEYNAME>SOFTWARE\Policies\SafeNet\Authentication\SAC\Init</KEYNAME>
          <PART Name="2ndAuthModify">
            <DISPLAY>Enable RSA Secondary Auth Modification</DISPLAY>
            <DEFAULT>0</DEFAULT>
          </PART>
        </Policy>
        <Policy Name="2ndAuthOwner">
          <KEYNAME>SOFTWARE\Policies\SafeNet\Authentication\SAC\Init</KEYNAME>
          <PART Name="2ndAuthOwner">
            <DISPLAY>RSA Secondary Authentication Owner</DISPLAY>
            <DEFAULT>Admin</DEFAULT>
          </PART>
        </Policy>
        <Policy Name="LinkMode">
          <KEYNAME>SOFTWARE\Policies\SafeNet\Authentication\SAC\Init</KEYNAME>
          <PART Name="LinkMode">
            <DISPLAY>IDPrime Common Criteria Linked Mode</DISPLAY>
            <DEFAULT>0</DEFAULT>
          </PART>
        </Policy>
      </CATEGORY>
    </CATEGORY>
    <CATEGORY Name="Tools UI Initialization Settings">
      <Policy Name="DefaultUserPassword">
        <KEYNAME>SOFTWARE\Policies\SafeNet\Authentication\SAC\InitApp</KEYNAME>
        <PART Name="DefaultUserPassword">
          <DISPLAY>Default Token Password</DISPLAY>
          <DEFAULT>1234567890</DEFAULT>
        </PART>
      </Policy>
      <Policy Name="MustChangePasswordEnabled">
        <KEYNAME>SOFTWARE\Policies\SafeNet\Authentication\SAC\InitApp</KEYNAME>
        <PART Name="MustChangePasswordEnabled">
          <DISPLAY>Enable Change Password on First Logon</DISPLAY>
          <DEFAULT>1</DEFAULT>
        </PART>
      </Policy>
      <Policy Name="MustChangePassword">
        <KEYNAME>SOFTWARE\Policies\SafeNet\Authentication\SAC\InitApp</KEYNAME>
        <PART Name="MustChangePassword">
          <DISPLAY>Change Password on First Logon</DISPLAY>
          <DEFAULT>1</DEFAULT>
        </PART>
      </Policy>
      <Policy Name="PrivateDataCaching">
        <KEYNAME>SOFTWARE\Policies\SafeNet\Authentication\SAC\InitApp</KEYNAME>
        <PART Name="PrivateDataCaching">
          <DISPLAY>Private Data Caching</DISPLAY>
          <DEFAULT>Always</DEFAULT>
        </PART>
      </Policy>
      <Policy Name="RSASecondaryAuthenticationMode">
        <KEYNAME>SOFTWARE\Policies\SafeNet\Authentication\SAC\InitApp</KEYNAME>
        <PART Name="RSASecondaryAuthenticationMode">
          <DISPLAY>RSA Secondary Authentication Mode</DISPLAY>
          <DEFAULT>Never</DEFAULT>
        </PART>
      </Policy>
      <Policy Name="ReadLabelFromToken">
        <KEYNAME>SOFTWARE\Policies\SafeNet\Authentication\SAC\InitApp</KEYNAME>
        <PART Name="ReadLabelFromToken">
          <DISPLAY>Reuse Current Token Name</DISPLAY>
          <DEFAULT>0</DEFAULT>
        </PART>
      </Policy>
      <Policy Name="HideInitCreateAdmin">
        <KEYNAME>SOFTWARE\Policies\SafeNet\Authentication\SAC\InitApp</KEYNAME>
        <PART Name="HideInitCreateAdmin">
          <DISPLAY>Hide Create Administrator Password Fields</DISPLAY>
          <DEFAULT>0</DEFAULT>
        </PART>
      </Policy>
      <Policy Name="HideInitPinPolicy">
        <KEYNAME>SOFTWARE\Policies\SafeNet\Authentication\SAC\InitApp</KEYNAME>
        <PART Name="HideInitPinPolicy">
          <DISPLAY>Hide PinPolicy Button</DISPLAY>
          <DEFAULT>0</DEFAULT>
        </PART>
      </Policy>
    </CATEGORY>
    <CATEGORY Name="Tools UI Settings">
      <Policy Name="UseDefaultPassword">
        <KEYNAME>SOFTWARE\Policies\SafeNet\Authentication\SAC\UI</KEYNAME>
        <PART Name="UseDefaultPassword">
          <DISPLAY>Use Default Password</DISPLAY>
          <DEFAULT>0</DEFAULT>
        </PART>
      </Policy>
      <Policy Name="PasswordTerm">
        <KEYNAME>SOFTWARE\Policies\SafeNet\Authentication\SAC\UI</KEYNAME>
        <PART Name="PasswordTerm">
          <DISPLAY>Password Term</DISPLAY>
          <DEFAULT>Password</DEFAULT>
        </PART>
      </Policy>
      <Policy Name="ShowDecimalSerial">
        <KEYNAME>SOFTWARE\Policies\SafeNet\Authentication\SAC\UI</KEYNAME>
        <PART Name="ShowDecimalSerial">
          <DISPLAY>Decimal Serial Number</DISPLAY>
          <DEFAULT>0</DEFAULT>
        </PART>
      </Policy>
      <Policy Name="ShowInTray">
        <KEYNAME>SOFTWARE\Policies\SafeNet\Authentication\SAC\UI</KEYNAME>
        <PART Name="ShowInTray">
          <DISPLAY>Enable Tray Icon</DISPLAY>
          <DEFAULT>Always show</DEFAULT>
        </PART>
      </Policy>
      <Policy Name="ShowBalloonEvents">
        <KEYNAME>SOFTWARE\Policies\SafeNet\Authentication\SAC\UI</KEYNAME>
        <PART Name="ShowBalloonEvents">
          <DISPLAY>Enable Connection Notification</DISPLAY>
          <DEFAULT>0</DEFAULT>
        </PART>
      </Policy>
      <Policy Name="IKeyLEDOn">
        <KEYNAME>SOFTWARE\Policies\SafeNet\Authentication\SAC\UI</KEYNAME>
        <PART Name="IKeyLEDOn">
          <DISPLAY>iKey LED On</DISPLAY>
          <DEFAULT>1</DEFAULT>
        </PART>
      </Policy>
      <Policy Name="AllowLogsControl">
        <KEYNAME>SOFTWARE\Policies\SafeNet\Authentication\SAC\UI</KEYNAME>
        <PART Name="AllowLogsControl">
          <DISPLAY>Enable Logging Control</DISPLAY>
          <DEFAULT>1</DEFAULT>
        </PART>
      </Policy>
      <Policy Name="HomeUrl">
        <KEYNAME>SOFTWARE\Policies\SafeNet\Authentication\SAC\UI</KEYNAME>
        <PART Name="HomeUrl">
          <DISPLAY>SafeNet Home URL</DISPLAY>
          <DEFAULT />
        </PART>
      </Policy>
      <Policy Name="AnywhereExtendedMode">
        <KEYNAME>SOFTWARE\Policies\SafeNet\Authentication\SAC\UI</KEYNAME>
        <PART Name="AnywhereExtendedMode">
          <DISPLAY>eToken Anywhere</DISPLAY>
          <DEFAULT>1</DEFAULT>
        </PART>
      </Policy>
      <Policy Name="VirtualKeyboardOn">
        <KEYNAME>SOFTWARE\Policies\SafeNet\Authentication\SAC\UI</KEYNAME>
        <PART Name="VirtualKeyboardOn">
          <DISPLAY>Display Virtual Keyboard</DISPLAY>
          <DEFAULT>0</DEFAULT>
        </PART>
      </Policy>
      <Policy Name="PasswordPolicyInstructions">
        <KEYNAME>SOFTWARE\Policies\SafeNet\Authentication\SAC\UI</KEYNAME>
        <PART Name="PasswordPolicyInstructions">
          <DISPLAY>Modify Password Policy Description</DISPLAY>
          <DEFAULT />
        </PART>
      </Policy>
      <Policy Name="DefInitMode">
        <KEYNAME>SOFTWARE\Policies\SafeNet\Authentication\SAC\UI</KEYNAME>
        <PART Name="DefInitMode">
          <DISPLAY>Define Initialization Mode</DISPLAY>
          <DEFAULT>Display the ‘Initialization Options’ window</DEFAULT>
        </PART>
      </Policy>
      <Policy Name="DenyMustChangePopup">
        <KEYNAME>SOFTWARE\Policies\SafeNet\Authentication\SAC\UI</KEYNAME>
        <PART Name="DenyMustChangePopup">
          <DISPLAY>Prevent Must Change Password dialog popup</DISPLAY>
          <DEFAULT>0</DEFAULT>
        </PART>
      </Policy>
      <CATEGORY Name="Certificate Expiration Warning Settings">
        <Policy Name="CertificateExpiryAlert">
          <KEYNAME>SOFTWARE\Policies\SafeNet\Authentication\SAC\UI</KEYNAME>
          <PART Name="CertificateExpiryAlert">
            <DISPLAY>Enable Certificate Expiration Warning</DISPLAY>
            <DEFAULT>0</DEFAULT>
          </PART>
        </Policy>
        <Policy Name="IgnoreExpiredCertificates">
          <KEYNAME>SOFTWARE\Policies\SafeNet\Authentication\SAC\UI</KEYNAME>
          <PART Name="IgnoreExpiredCertificates">
            <DISPLAY>Ignore Expired Certificates</DISPLAY>
            <DEFAULT>0</DEFAULT>
          </PART>
        </Policy>
        <Policy Name="IgnoreArchivedCertificates">
          <KEYNAME>SOFTWARE\Policies\SafeNet\Authentication\SAC\UI</KEYNAME>
          <PART Name="IgnoreArchivedCertificates">
            <DISPLAY>Ignore Archived Certificates</DISPLAY>
            <DEFAULT>1</DEFAULT>
          </PART>
        </Policy>
        <Policy Name="UpdateAlertMinInterval">
          <KEYNAME>SOFTWARE\Policies\SafeNet\Authentication\SAC\UI</KEYNAME>
          <PART Name="UpdateAlertMinInterval">
            <DISPLAY>Certificate Expiration Verification Frequency</DISPLAY>
            <DEFAULT>14</DEFAULT>
          </PART>
        </Policy>
        <Policy Name="ExpiryAlertPeriodStart">
          <KEYNAME>SOFTWARE\Policies\SafeNet\Authentication\SAC\UI</KEYNAME>
          <PART Name="ExpiryAlertPeriodStart">
            <DISPLAY>Certificate Expiration Warning Period</DISPLAY>
            <DEFAULT>30</DEFAULT>
          </PART>
        </Policy>
        <Policy Name="AlertTitle">
          <KEYNAME>SOFTWARE\Policies\SafeNet\Authentication\SAC\UI</KEYNAME>
          <PART Name="AlertTitle">
            <DISPLAY>Warning Message Title</DISPLAY>
            <DEFAULT>SafeNet Authentication Client</DEFAULT>
          </PART>
        </Policy>
        <Policy Name="FutureAlertMessage">
          <KEYNAME>SOFTWARE\Policies\SafeNet\Authentication\SAC\UI</KEYNAME>
          <PART Name="FutureAlertMessage">
            <DISPLAY>Certificate Will Expire Warning Message</DISPLAY>
            <DEFAULT>A certificate on your token expires in $EXPIRE_IN_DAYS days.</DEFAULT>
          </PART>
        </Policy>
        <Policy Name="PastAlertMessage">
          <KEYNAME>SOFTWARE\Policies\SafeNet\Authentication\SAC\UI</KEYNAME>
          <PART Name="PastAlertMessage">
            <DISPLAY>Certificate Expired Warning Message</DISPLAY>
            <DEFAULT>Update your token now.</DEFAULT>
          </PART>
        </Policy>
        <Policy Name="AlertMessageClickAction">
          <KEYNAME>SOFTWARE\Policies\SafeNet\Authentication\SAC\UI</KEYNAME>
          <PART Name="AlertMessageClickAction">
            <DISPLAY>Warning Message Click Action</DISPLAY>
            <DEFAULT>No action</DEFAULT>
          </PART>
        </Policy>
        <Policy Name="ActionDetailedMessage">
          <KEYNAME>SOFTWARE\Policies\SafeNet\Authentication\SAC\UI</KEYNAME>
          <PART Name="ActionDetailedMessage">
            <DISPLAY>Detailed Message</DISPLAY>
            <DEFAULT />
          </PART>
        </Policy>
        <Policy Name="ActionWebSiteURL">
          <KEYNAME>SOFTWARE\Policies\SafeNet\Authentication\SAC\UI</KEYNAME>
          <PART Name="ActionWebSiteURL">
            <DISPLAY>Website URL</DISPLAY>
            <DEFAULT />
          </PART>
        </Policy>
      </CATEGORY>
    </CATEGORY>
    <CATEGORY Name="CAPI Settings">
      <Policy Name="PasswordTimeout">
        <KEYNAME>SOFTWARE\Policies\SafeNet\Authentication\SAC\CAPI</KEYNAME>
        <PART Name="PasswordTimeout">
          <DISPLAY>Password Timeout</DISPLAY>
          <DEFAULT>0</DEFAULT>
        </PART>
      </Policy>
      <Policy Name="LogoutMode">
        <KEYNAME>SOFTWARE\Policies\SafeNet\Authentication\SAC\CAPI</KEYNAME>
        <PART Name="LogoutMode">
          <DISPLAY>Logout Mode</DISPLAY>
          <DEFAULT>0</DEFAULT>
        </PART>
      </Policy>
      <Policy Name="AsciiPassword">
        <KEYNAME>SOFTWARE\Policies\SafeNet\Authentication\SAC\CAPI</KEYNAME>
        <PART Name="AsciiPassword">
          <DISPLAY>ASCII Password</DISPLAY>
          <DEFAULT>0</DEFAULT>
        </PART>
      </Policy>
      <Policy Name="OverwriteDefaultCertificate">
        <KEYNAME>SOFTWARE\Policies\SafeNet\Authentication\SAC\CAPI</KEYNAME>
        <PART Name="OverwriteDefaultCertificate">
          <DISPLAY>Overwrite Default Certificate</DISPLAY>
          <DEFAULT>0</DEFAULT>
        </PART>
      </Policy>
      <Policy Name="ImportCertChain">
        <KEYNAME>SOFTWARE\Policies\SafeNet\Authentication\SAC\CAPI</KEYNAME>
        <PART Name="ImportCertChain">
          <DISPLAY>Import Certificate Chain</DISPLAY>
          <DEFAULT>Do not import certificate chain</DEFAULT>
        </PART>
      </Policy>
      <Policy Name="SignPaddingOnBoard">
        <KEYNAME>SOFTWARE\Policies\SafeNet\Authentication\SAC\CAPI</KEYNAME>
        <PART Name="SignPaddingOnBoard">
          <DISPLAY>Sign Padding On-Board</DISPLAY>
          <DEFAULT>Not supported</DEFAULT>
        </PART>
      </Policy>
      <CATEGORY Name="IEXPLORER.EXE Settings">
        <Policy Name="NoDefaultKeyContainer">
          <KEYNAME>SOFTWARE\Policies\SafeNet\Authentication\SAC\CAPI\IEXPLORER.EXE</KEYNAME>
          <PART Name="NoDefaultKeyContainer">
            <DISPLAY>No Default Key Container</DISPLAY>
            <DEFAULT>1</DEFAULT>
          </PART>
        </Policy>
      </CATEGORY>
    </CATEGORY>
    <CATEGORY Name="Certificate Store Settings">
      <Policy Name="PropagateUserCertificates">
        <KEYNAME>SOFTWARE\Policies\SafeNet\Authentication\SAC\CertStore</KEYNAME>
        <PART Name="PropagateUserCertificates">
          <DISPLAY>Propagate User Certificates</DISPLAY>
          <DEFAULT>1</DEFAULT>
        </PART>
      </Policy>
      <Policy Name="PropagateCACertificates">
        <KEYNAME>SOFTWARE\Policies\SafeNet\Authentication\SAC\CertStore</KEYNAME>
        <PART Name="PropagateCACertificates">
          <DISPLAY>Propagate CA Certificates</DISPLAY>
          <DEFAULT>1</DEFAULT>
        </PART>
      </Policy>
      <Policy Name="SynchronizeStore">
        <KEYNAME>SOFTWARE\Policies\SafeNet\Authentication\SAC\CertStore</KEYNAME>
        <PART Name="SynchronizeStore">
          <DISPLAY>Synchronize Store</DISPLAY>
          <DEFAULT>1</DEFAULT>
        </PART>
      </Policy>
      <Policy Name="AddToTokenOnNewCertInStore">
        <KEYNAME>SOFTWARE\Policies\SafeNet\Authentication\SAC\CertStore</KEYNAME>
        <PART Name="AddToTokenOnNewCertInStore">
          <DISPLAY>Add New Certificates to Token</DISPLAY>
          <DEFAULT>1</DEFAULT>
        </PART>
      </Policy>
      <Policy Name="RemoveUserCertsOnTokenRemove">
        <KEYNAME>SOFTWARE\Policies\SafeNet\Authentication\SAC\CertStore</KEYNAME>
        <PART Name="RemoveUserCertsOnTokenRemove">
          <DISPLAY>Remove User Certificates upon Token Disconnect</DISPLAY>
          <DEFAULT>1</DEFAULT>
        </PART>
      </Policy>
      <Policy Name="RemoveFromStoreOnRemoveFromToken">
        <KEYNAME>SOFTWARE\Policies\SafeNet\Authentication\SAC\CertStore</KEYNAME>
        <PART Name="RemoveFromStoreOnRemoveFromToken">
          <DISPLAY>Remove Certificates upon Removal from Token</DISPLAY>
          <DEFAULT>1</DEFAULT>
        </PART>
      </Policy>
      <Policy Name="RemoveFromTokenOnRemoveFromStore">
        <KEYNAME>SOFTWARE\Policies\SafeNet\Authentication\SAC\CertStore</KEYNAME>
        <PART Name="RemoveFromTokenOnRemoveFromStore">
          <DISPLAY>Remove Certificates from Token upon Removal from Store</DISPLAY>
          <DEFAULT>Never</DEFAULT>
        </PART>
      </Policy>
      <Policy Name="RemoveFromTokenOnRemoveFromStoreTemplates">
        <KEYNAME>SOFTWARE\Policies\SafeNet\Authentication\SAC\CertStore</KEYNAME>
        <PART Name="RemoveFromTokenOnRemoveFromStoreTemplates">
          <DISPLAY>Certificate Templates to Remove from Token</DISPLAY>
          <DEFAULT />
        </PART>
      </Policy>
      <Policy Name="CertsToRemoveStorePeriod">
        <KEYNAME>SOFTWARE\Policies\SafeNet\Authentication\SAC\CertStore</KEYNAME>
        <PART Name="CertsToRemoveStorePeriod">
          <DISPLAY>Certificate Removal Period</DISPLAY>
          <DEFAULT>7</DEFAULT>
        </PART>
      </Policy>
      <Policy Name="DeleteOriginalKeyAfterCopy">
        <KEYNAME>SOFTWARE\Policies\SafeNet\Authentication\SAC\CertStore</KEYNAME>
        <PART Name="DeleteOriginalKeyAfterCopy">
          <DISPLAY>Delete Original Key After Copy</DISPLAY>
          <DEFAULT>1</DEFAULT>
        </PART>
      </Policy>
      <Policy Name="ImportUserCertCAChain">
        <KEYNAME>SOFTWARE\Policies\SafeNet\Authentication\SAC\CertStore</KEYNAME>
        <PART Name="ImportUserCertCAChain">
          <DISPLAY>Import CA Certificates Chain</DISPLAY>
          <DEFAULT>1</DEFAULT>
        </PART>
      </Policy>
      <Policy Name="CalculateCertFriendlyName">
        <KEYNAME>SOFTWARE\Policies\SafeNet\Authentication\SAC\CertStore</KEYNAME>
        <PART Name="CalculateCertFriendlyName">
          <DISPLAY>Calculate Certificate Friendly Name</DISPLAY>
          <DEFAULT>0</DEFAULT>
        </PART>
      </Policy>
    </CATEGORY>
    <CATEGORY Name="CNG Key Storage Provider Settings">
      <Policy Name="KspPropagationMode">
        <KEYNAME>SOFTWARE\Policies\SafeNet\Authentication\SAC\CNG</KEYNAME>
        <PART Name="KspPropagationMode">
          <DISPLAY>Cryptographic Provider</DISPLAY>
          <DEFAULT>CSP</DEFAULT>
        </PART>
      </Policy>
    </CATEGORY>
    <CATEGORY Name="Token Password Quality Settings">
      <Policy Name="pqAdminPQ">
        <KEYNAME>SOFTWARE\Policies\SafeNet\Authentication\SAC\PQ</KEYNAME>
        <PART Name="pqAdminPQ">
          <DISPLAY>Enable Administrator Password Quality Check</DISPLAY>
          <DEFAULT>1</DEFAULT>
        </PART>
      </Policy>
      <Policy Name="pqMinLen">
        <KEYNAME>SOFTWARE\Policies\SafeNet\Authentication\SAC\PQ</KEYNAME>
        <PART Name="pqMinLen">
          <DISPLAY>Password - Minimum Length</DISPLAY>
          <DEFAULT>8</DEFAULT>
        </PART>
      </Policy>
      <Policy Name="pqMaxLen">
        <KEYNAME>SOFTWARE\Policies\SafeNet\Authentication\SAC\PQ</KEYNAME>
        <PART Name="pqMaxLen">
          <DISPLAY>Password - Maximum Length</DISPLAY>
          <DEFAULT>16</DEFAULT>
        </PART>
      </Policy>
      <Policy Name="pqMaxAge">
        <KEYNAME>SOFTWARE\Policies\SafeNet\Authentication\SAC\PQ</KEYNAME>
        <PART Name="pqMaxAge">
          <DISPLAY>Password - Maximum Usage Period</DISPLAY>
          <DEFAULT>0</DEFAULT>
        </PART>
      </Policy>
      <Policy Name="pqMinAge">
        <KEYNAME>SOFTWARE\Policies\SafeNet\Authentication\SAC\PQ</KEYNAME>
        <PART Name="pqMinAge">
          <DISPLAY>Password - Minimum Usage Period</DISPLAY>
          <DEFAULT>0</DEFAULT>
        </PART>
      </Policy>
      <Policy Name="pqWarnPeriod">
        <KEYNAME>SOFTWARE\Policies\SafeNet\Authentication\SAC\PQ</KEYNAME>
        <PART Name="pqWarnPeriod">
          <DISPLAY>Password - Expiration Warning Period</DISPLAY>
          <DEFAULT>0</DEFAULT>
        </PART>
      </Policy>
      <Policy Name="pqHistorySize">
        <KEYNAME>SOFTWARE\Policies\SafeNet\Authentication\SAC\PQ</KEYNAME>
        <PART Name="pqHistorySize">
          <DISPLAY>Password - History Size</DISPLAY>
          <DEFAULT>10</DEFAULT>
        </PART>
      </Policy>
      <Policy Name="pqMaxRepeated">
        <KEYNAME>SOFTWARE\Policies\SafeNet\Authentication\SAC\PQ</KEYNAME>
        <PART Name="pqMaxRepeated">
          <DISPLAY>Password - Maximum Consecutive Repetitions</DISPLAY>
          <DEFAULT>3</DEFAULT>
        </PART>
      </Policy>
      <Policy Name="pqMixChars">
        <KEYNAME>SOFTWARE\Policies\SafeNet\Authentication\SAC\PQ</KEYNAME>
        <PART Name="pqMixChars">
          <DISPLAY>Password - Complexity</DISPLAY>
          <DEFAULT>Standard complexity</DEFAULT>
        </PART>
      </Policy>
      <Policy Name="pqMixLevel">
        <KEYNAME>SOFTWARE\Policies\SafeNet\Authentication\SAC\PQ</KEYNAME>
        <PART Name="pqMixLevel">
          <DISPLAY>Password - Minimum Mixed Character Types</DISPLAY>
          <DEFAULT>At least 3 character types</DEFAULT>
        </PART>
      </Policy>
      <Policy Name="pqNumbers">
        <KEYNAME>SOFTWARE\Policies\SafeNet\Authentication\SAC\PQ</KEYNAME>
        <PART Name="pqNumbers">
          <DISPLAY>Password - Include Numerals</DISPLAY>
          <DEFAULT>Permitted</DEFAULT>
        </PART>
      </Policy>
      <Policy Name="pqUpperCase">
        <KEYNAME>SOFTWARE\Policies\SafeNet\Authentication\SAC\PQ</KEYNAME>
        <PART Name="pqUpperCase">
          <DISPLAY>Password - Include Upper-Case</DISPLAY>
          <DEFAULT>Permitted</DEFAULT>
        </PART>
      </Policy>
      <Policy Name="pqLowerCase">
        <KEYNAME>SOFTWARE\Policies\SafeNet\Authentication\SAC\PQ</KEYNAME>
        <PART Name="pqLowerCase">
          <DISPLAY>Password - Include Lower-Case</DISPLAY>
          <DEFAULT>Permitted</DEFAULT>
        </PART>
      </Policy>
      <Policy Name="pqSpecial">
        <KEYNAME>SOFTWARE\Policies\SafeNet\Authentication\SAC\PQ</KEYNAME>
        <PART Name="pqSpecial">
          <DISPLAY>Password - Include Special Characters</DISPLAY>
          <DEFAULT>Permitted</DEFAULT>
        </PART>
      </Policy>
      <Policy Name="pqNonAscii">
        <KEYNAME>SOFTWARE\Policies\SafeNet\Authentication\SAC\PQ</KEYNAME>
        <PART Name="pqNonAscii">
          <DISPLAY>Password - Include Non ASCII Characters</DISPLAY>
          <DEFAULT>Permitted</DEFAULT>
        </PART>
      </Policy>
      <Policy Name="pqNumDiffCharRepeat">
        <KEYNAME>SOFTWARE\Policies\SafeNet\Authentication\SAC\PQ</KEYNAME>
        <PART Name="pqNumDiffCharRepeat">
          <DISPLAY>Password - Number Of Different Repeating Characters</DISPLAY>
          <DEFAULT>0</DEFAULT>
        </PART>
      </Policy>
      <Policy Name="pqMaxNumCharAppear">
        <KEYNAME>SOFTWARE\Policies\SafeNet\Authentication\SAC\PQ</KEYNAME>
        <PART Name="pqMaxNumCharAppear">
          <DISPLAY>Password - Maximum Number A Character Can Appear</DISPLAY>
          <DEFAULT>0</DEFAULT>
        </PART>
      </Policy>
      <Policy Name="pqMaxNumCharSequence">
        <KEYNAME>SOFTWARE\Policies\SafeNet\Authentication\SAC\PQ</KEYNAME>
        <PART Name="pqMaxNumCharSequence">
          <DISPLAY>Password - Maximum Number Of Characters In A Sequence</DISPLAY>
          <DEFAULT>0</DEFAULT>
        </PART>
      </Policy>
      <Policy Name="pqMaxNumCharRepeatPos">
        <KEYNAME>SOFTWARE\Policies\SafeNet\Authentication\SAC\PQ</KEYNAME>
        <PART Name="pqMaxNumCharRepeatPos">
          <DISPLAY>Password - Maximum Adjacent Repetitions Of A Character</DISPLAY>
          <DEFAULT>0</DEFAULT>
        </PART>
      </Policy>
      <Policy Name="pqCheckInit">
        <KEYNAME>SOFTWARE\Policies\SafeNet\Authentication\SAC\PQ</KEYNAME>
        <PART Name="pqCheckInit">
          <DISPLAY>Password Quality Check on Initialization</DISPLAY>
          <DEFAULT>0</DEFAULT>
        </PART>
      </Policy>
      <Policy Name="pqOwner">
        <KEYNAME>SOFTWARE\Policies\SafeNet\Authentication\SAC\PQ</KEYNAME>
        <PART Name="pqOwner">
          <DISPLAY>Password Quality Owner</DISPLAY>
          <DEFAULT>Administrator</DEFAULT>
        </PART>
      </Policy>
      <Policy Name="pqModifiable">
        <KEYNAME>SOFTWARE\Policies\SafeNet\Authentication\SAC\PQ</KEYNAME>
        <PART Name="pqModifiable">
          <DISPLAY>Enable Password Quality Modification</DISPLAY>
          <DEFAULT>1</DEFAULT>
        </PART>
      </Policy>
      <CATEGORY Name="Token Password Expiration Warning Settings">
        <Policy Name="NotifyPasswordExpiration">
          <KEYNAME>SOFTWARE\Policies\SafeNet\Authentication\SAC\UI</KEYNAME>
          <PART Name="NotifyPasswordExpiration">
            <DISPLAY>Enable Password Expiration Notification</DISPLAY>
            <DEFAULT>1</DEFAULT>
          </PART>
        </Policy>
      </CATEGORY>
    </CATEGORY>
    <CATEGORY Name="Tools UI Access Control List">
      <Policy Name="AccessControl">
        <KEYNAME>SOFTWARE\Policies\SafeNet\Authentication\SAC\AccessControl</KEYNAME>
        <PART Name="AccessControl">
          <DISPLAY>Access Control</DISPLAY>
        </PART>
        <PART Name="RenameToken">
          <DISPLAY>Rename Token</DISPLAY>
          <DEFAULT>1</DEFAULT>
        </PART>
        <PART Name="ChangePassword">
          <DISPLAY>Change Token Password</DISPLAY>
          <DEFAULT>1</DEFAULT>
        </PART>
        <PART Name="UnlockEtoken">
          <DISPLAY>Unlock Token</DISPLAY>
          <DEFAULT>1</DEFAULT>
        </PART>
        <PART Name="ClearEToken">
          <DISPLAY>Delete Token Content</DISPLAY>
          <DEFAULT>1</DEFAULT>
        </PART>
        <PART Name="ViewTokenInfo">
          <DISPLAY>View Token Information</DISPLAY>
          <DEFAULT>1</DEFAULT>
        </PART>
        <PART Name="DisconnectVirtual">
          <DISPLAY>Disconnect SafeNet eToken Virtual</DISPLAY>
          <DEFAULT>1</DEFAULT>
        </PART>
        <PART Name="ShowHelp">
          <DISPLAY>Help</DISPLAY>
          <DEFAULT>1</DEFAULT>
        </PART>
        <PART Name="OpenAdvancedView">
          <DISPLAY>Advanced View</DISPLAY>
          <DEFAULT>1</DEFAULT>
        </PART>
        <PART Name="ManageReaders">
          <DISPLAY>Reader Settings</DISPLAY>
          <DEFAULT>1</DEFAULT>
        </PART>
        <PART Name="AddeTokenVirtual">
          <DISPLAY>Connect SafeNet eToken Virtual</DISPLAY>
          <DEFAULT>1</DEFAULT>
        </PART>
        <PART Name="InitializeEToken">
          <DISPLAY>Initialize Token</DISPLAY>
          <DEFAULT>1</DEFAULT>
        </PART>
        <PART Name="ImportCertificate">
          <DISPLAY>Import Certificate</DISPLAY>
          <DEFAULT>1</DEFAULT>
        </PART>
        <PART Name="ClearDefaultCert">
          <DISPLAY>Reset Default Certificate Selection</DISPLAY>
          <DEFAULT>1</DEFAULT>
        </PART>
        <PART Name="DeleteCertificate">
          <DISPLAY>Delete Certificate</DISPLAY>
          <DEFAULT>1</DEFAULT>
        </PART>
        <PART Name="ExportCertificate">
          <DISPLAY>Export Certificate</DISPLAY>
          <DEFAULT>1</DEFAULT>
        </PART>
        <PART Name="CopyCertificateData">
          <DISPLAY>Copy Certificate Data to Clipboard</DISPLAY>
          <DEFAULT>1</DEFAULT>
        </PART>
        <PART Name="SetCertificateAsDefault">
          <DISPLAY>Set Certificate as Default</DISPLAY>
          <DEFAULT>1</DEFAULT>
        </PART>
        <PART Name="SetCertificateAsAuxilary">
          <DISPLAY>Set Certificate as Auxilary</DISPLAY>
          <DEFAULT>1</DEFAULT>
        </PART>
        <PART Name="LoginAsAdministrator">
          <DISPLAY>Log On as Administrator</DISPLAY>
          <DEFAULT>1</DEFAULT>
        </PART>
        <PART Name="ChangeAdministratorPassword">
          <DISPLAY>Change Administrator Password</DISPLAY>
          <DEFAULT>1</DEFAULT>
        </PART>
        <PART Name="SetUserPassword">
          <DISPLAY>Set Token Password</DISPLAY>
          <DEFAULT>1</DEFAULT>
        </PART>
        <PART Name="AllowChangeUserMaxRetry">
          <DISPLAY>Token Password Retries</DISPLAY>
          <DEFAULT>1</DEFAULT>
        </PART>
        <PART Name="AllowChangeAdminMaxRetry">
          <DISPLAY>Administrator Password Retries</DISPLAY>
          <DEFAULT>1</DEFAULT>
        </PART>
        <PART Name="OpenAdvancedModeOfInitialize">
          <DISPLAY>Advanced Initialization Settings</DISPLAY>
          <DEFAULT>1</DEFAULT>
        </PART>
        <PART Name="ChangeInitializationKeyDuringInitialize">
          <DISPLAY>Change Initialization Key during Initialization</DISPLAY>
          <DEFAULT>1</DEFAULT>
        </PART>
        <PART Name="CommonCriteriaPasswordSetting">
          <DISPLAY>Common Criteria Password Setting</DISPLAY>
          <DEFAULT>1</DEFAULT>
        </PART>
        <PART Name="GenerateOTP">
          <DISPLAY>System Tray - Generate OTP</DISPLAY>
          <DEFAULT>1</DEFAULT>
        </PART>
        <PART Name="TrayIconUnlockEToken">
          <DISPLAY>System Tray - Unlock Token Content</DISPLAY>
          <DEFAULT>1</DEFAULT>
        </PART>
        <PART Name="TrayIconClearEToken">
          <DISPLAY>System Tray - Delete Token Content</DISPLAY>
          <DEFAULT>0</DEFAULT>
        </PART>
        <PART Name="TrayIconChangePassword">
          <DISPLAY>System Tray - Change Token Password</DISPLAY>
          <DEFAULT>1</DEFAULT>
        </PART>
        <PART Name="SyncDomainAndTokenPass">
          <DISPLAY>System Tray - Synchronize Domain-Token Passwords</DISPLAY>
          <DEFAULT>1</DEFAULT>
        </PART>
        <PART Name="OpeneTokenProperties">
          <DISPLAY>System Tray - Tools</DISPLAY>
          <DEFAULT>1</DEFAULT>
        </PART>
        <PART Name="About">
          <DISPLAY>System Tray - About</DISPLAY>
          <DEFAULT>1</DEFAULT>
        </PART>
        <PART Name="DeleteDataObject">
          <DISPLAY>Delete Data Object</DISPLAY>
          <DEFAULT>1</DEFAULT>
        </PART>
        <PART Name="AllowOneFactor">
          <DISPLAY>Allow One Factor</DISPLAY>
          <DEFAULT>1</DEFAULT>
        </PART>
        <PART Name="CopyDataObjectData">
          <DISPLAY>Copy Data Object Data to Clipboard</DISPLAY>
          <DEFAULT>1</DEFAULT>
        </PART>
        <PART Name="CopyTokenInfoData">
          <DISPLAY>Copy Token Information Data to Clipboard</DISPLAY>
          <DEFAULT>1</DEFAULT>
        </PART>
      </Policy>
      <Policy Name="PinProperties">
        <KEYNAME>SOFTWARE\Policies\SafeNet\Authentication\SAC\AccessControl</KEYNAME>
        <PART Name="PinProperties">
          <DISPLAY>PIN Properties</DISPLAY>
        </PART>
        <PART Name="PinType">
          <DISPLAY>PIN Type</DISPLAY>
          <DEFAULT>1</DEFAULT>
        </PART>
        <PART Name="PinPurpose">
          <DISPLAY>PIN Purpose</DISPLAY>
          <DEFAULT>0</DEFAULT>
        </PART>
        <PART Name="PinCacheType">
          <DISPLAY>Cache Type</DISPLAY>
          <DEFAULT>1</DEFAULT>
        </PART>
        <PART Name="PinCacheInfo">
          <DISPLAY>Cache Timeout</DISPLAY>
          <DEFAULT>0</DEFAULT>
        </PART>
        <PART Name="PinFlags">
          <DISPLAY>PIN Flags</DISPLAY>
          <DEFAULT>0</DEFAULT>
        </PART>
        <PART Name="PinFlagsEx">
          <DISPLAY>Ext. PIN Flags</DISPLAY>
          <DEFAULT>1</DEFAULT>
        </PART>
        <PART Name="PinValidity">
          <DISPLAY>Validity period (days)</DISPLAY>
          <DEFAULT>1</DEFAULT>
        </PART>
        <PART Name="PinWarning">
          <DISPLAY>Expiration warning period (days)</DISPLAY>
          <DEFAULT>1</DEFAULT>
        </PART>
      </Policy>
      <Policy Name="PinPolicy">
        <KEYNAME>SOFTWARE\Policies\SafeNet\Authentication\SAC\AccessControl</KEYNAME>
        <PART Name="PinPolicy">
          <DISPLAY>PIN Quality</DISPLAY>
        </PART>
        <PART Name="PinMinLen">
          <DISPLAY>Minimum length (characters)</DISPLAY>
          <DEFAULT>1</DEFAULT>
        </PART>
        <PART Name="PinMaxLen">
          <DISPLAY>Maximum length (characters)</DISPLAY>
          <DEFAULT>1</DEFAULT>
        </PART>
        <PART Name="PinHistory">
          <DISPLAY>History size</DISPLAY>
          <DEFAULT>1</DEFAULT>
        </PART>
        <PART Name="PinNumDiffCharRepeat">
          <DISPLAY>Number of different characters that can be repeated at least once</DISPLAY>
          <DEFAULT>1</DEFAULT>
        </PART>
        <PART Name="PinMaxNumCharAppear">
          <DISPLAY>Maximum number a character can appear</DISPLAY>
          <DEFAULT>1</DEFAULT>
        </PART>
        <PART Name="PinMaxNumCharSequence">
          <DISPLAY>Maximum number of characters in a sequence</DISPLAY>
          <DEFAULT>1</DEFAULT>
        </PART>
        <PART Name="PinMaxNumCharRepeatPos">
          <DISPLAY>Maximum number a character can be repeated in adjacent positions</DISPLAY>
          <DEFAULT>1</DEFAULT>
        </PART>
        <PART Name="PinNumber">
          <DISPLAY>Numeric</DISPLAY>
          <DEFAULT>1</DEFAULT>
        </PART>
        <PART Name="PinUpper">
          <DISPLAY>Alpha Upper</DISPLAY>
          <DEFAULT>1</DEFAULT>
        </PART>
        <PART Name="PinLower">
          <DISPLAY>Alpha Lower</DISPLAY>
          <DEFAULT>1</DEFAULT>
        </PART>
        <PART Name="PinSpecial">
          <DISPLAY>Non alpha</DISPLAY>
          <DEFAULT>1</DEFAULT>
        </PART>
        <PART Name="PinAlphabetic">
          <DISPLAY>Alpha</DISPLAY>
          <DEFAULT>1</DEFAULT>
        </PART>
        <PART Name="PinNonAlphabetic">
          <DISPLAY>Non Ascii</DISPLAY>
          <DEFAULT>1</DEFAULT>
        </PART>
        <PART Name="PinMinUse">
          <DISPLAY>Minimum usage period (days)</DISPLAY>
          <DEFAULT>1</DEFAULT>
        </PART>
        <PART Name="PinMaxUse">
          <DISPLAY>Maximum usage period (days)</DISPLAY>
          <DEFAULT>1</DEFAULT>
        </PART>
        <PART Name="PinComplexity">
          <DISPLAY>Must meet complexity requirements</DISPLAY>
          <DEFAULT>1</DEFAULT>
        </PART>
        <PART Name="PinMaxRepeat">
          <DISPLAY>Maximum consecutive repetitions</DISPLAY>
          <DEFAULT>1</DEFAULT>
        </PART>
      </Policy>
    </CATEGORY>
    <CATEGORY Name="Reader Settings">
      <Policy Name="Readers">
        <KEYNAME>SOFTWARE\SafeNet\Authentication\SAC\Install</KEYNAME>
        <PART Name="Readers">
          <DISPLAY>iKey Readers</DISPLAY>
          <DEFAULT>2</DEFAULT>
        </PART>
      </Policy>
      <Policy Name="Readers_Count">
        <KEYNAME>SOFTWARE\SafeNet\Authentication\SAC\Install</KEYNAME>
        <PART Name="nPropReaders">
          <DISPLAY>eToken Readers</DISPLAY>
          <DEFAULT>2</DEFAULT>
        </PART>
      </Policy>
      <Policy Name="FakeReaders">
        <KEYNAME>SOFTWARE\SafeNet\Authentication\SAC\Install</KEYNAME>
        <PART Name="bAddFakeReader">
          <DISPLAY>Smartcard Reader Emulation</DISPLAY>
          <DEFAULT>1</DEFAULT>
        </PART>
      </Policy>
    </CATEGORY>
    <CATEGORY Name="Security Settings">
      <Policy Name="Disable-Crypto">
        <KEYNAME>SOFTWARE\Policies\SafeNet\Authentication\SAC\Crypto</KEYNAME>
        <PART Name="Disable-Crypto">
          <DISPLAY>Deprecated Cryptographic Algorithms and Features</DISPLAY>
          <DEFAULT>Obsolete</DEFAULT>
        </PART>
      </Policy>
      <Policy Name="Key-Management-Security">
        <KEYNAME>SOFTWARE\Policies\SafeNet\Authentication\SAC\Crypto</KEYNAME>
        <PART Name="Key-Management-Security">
          <DISPLAY>Key Management</DISPLAY>
          <DEFAULT>Optimized</DEFAULT>
        </PART>
      </Policy>
      <Policy Name="HashOffboard">
        <KEYNAME>SOFTWARE\Policies\SafeNet\Authentication\SAC\Crypto</KEYNAME>
        <PART Name="HashOffboard">
          <DISPLAY>Off Board Hashing</DISPLAY>
          <DEFAULT>0</DEFAULT>
        </PART>
      </Policy>
      <Policy Name="MAN">
        <KEYNAME>SOFTWARE\Policies\SafeNet\Authentication\SAC\GENERAL</KEYNAME>
        <PART Name="SMkeys">
          <DISPLAY>Customized ICC Public Key</DISPLAY>
          <DEFAULT />
        </PART>
      </Policy>
    </CATEGORY>
  </SacBTSettings>
</SacBTProjectInfo>